{
  "project_info": {
    "project_number": "653414531622",
    "project_id": "ward-af760",
    "storage_bucket": "ward-af760.appspot.com"
  },
  "client": [
    {
      "client_info": {
        "mobilesdk_app_id": "1:653414531622:android:4df8898b0d95cb474ddce7",
        "android_client_info": {
          "package_name": "com.fourward"
        }
      },
      "oauth_client": [
        {
          "client_id": "653414531622-9ca1alvhpiejkvut0oo8avlrlcbcdgq7.apps.googleusercontent.com",
          "client_type": 1,
          "android_info": {
            "package_name": "com.fourward",
            "certificate_hash": "d2202bb80899df73def1ffc9c73d65f1b6b258f1"
          }
        },
        {
          "client_id": "653414531622-ju25sq843dteo95ahfgmg1k6hfqirq42.apps.googleusercontent.com",
          "client_type": 1,
          "android_info": {
            "package_name": "com.fourward",
            "certificate_hash": "98590e1e7f3f45eff7f816a91807ea860f31637a"
          }
        },
        {
          "client_id": "653414531622-icsddajc7qml0fqqfj8f8e0cudrsns9o.apps.googleusercontent.com",
          "client_type": 3
        }
      ],
      "api_key": [
        {
          "current_key": "AIzaSyDnZ5zvx1TwgVNm_MiSm6gtAvftc52aGgU"
        }
      ],
      "services": {
        "appinvite_service": {
          "other_platform_oauth_client": [
            {
              "client_id": "653414531622-icsddajc7qml0fqqfj8f8e0cudrsns9o.apps.googleusercontent.com",
              "client_type": 3
            },
            {
              "client_id": "653414531622-60ls210aijljfkf646tgo9h8i44nbuva.apps.googleusercontent.com",
              "client_type": 2,
              "ios_info": {
                "bundle_id": "com.4ward.app"
              }
            }
          ]
        }
      }
    }
  ],
  "configuration_version": "1"
}