{
  "project_info": {
    "project_number": "653414531622",
    "project_id": "ward-af760",
    "storage_bucket": "ward-af760.appspot.com"
  },
  "client": [
    {
      "client_info": {
        "mobilesdk_app_id": "1:653414531622:android:4df8898b0d95cb474ddce7",
        "android_client_info": {
          "package_name": "com.fourward"
        }
      },
      "oauth_client": [
        {
          "client_id": "653414531622-icsddajc7qml0fqqfj8f8e0cudrsns9o.apps.googleusercontent.com",
          "client_type": 3
        }
      ],
      "api_key": [
        {
          "current_key": "AIzaSyDnZ5zvx1TwgVNm_MiSm6gtAvftc52aGgU"
        }
      ],
      "services": {
        "appinvite_service": {
          "other_platform_oauth_client": [
            {
              "client_id": "653414531622-icsddajc7qml0fqqfj8f8e0cudrsns9o.apps.googleusercontent.com",
              "client_type": 3
            }
          ]
        }
      }
    }
  ],
  "configuration_version": "1"
}